﻿[
  {
    "ConsultationId": "30000000-0000-0000-0000-000000000001",
    "ClientId": "b1a1d2f3-4e55-4f32-9b29-8df2d1eae711",
    "AdvisorId": "a1111111-1111-1111-1111-111111111111",
    "ScheduledDateTime": "2023-06-01T10:00:00",
    "Status": 0,
    "ConsultationType": 0,
    "CreatedAt": "2023-05-30T12:00:00"
  },
  {
    "ConsultationId": "30000000-0000-0000-0000-000000000002",
    "ClientId": "c2b2e3f4-5a66-4a01-8c92-a7b2e8f3d9a1",
    "AdvisorId": "b2222222-2222-2222-2222-222222222222",
    "ScheduledDateTime": "2023-06-05T14:30:00",
    "Status": 1,
    "ConsultationType": 1,
    "CreatedAt": "2023-06-01T11:00:00"
  },
  {
    "ConsultationId": "30000000-0000-0000-0000-000000000003",
    "ClientId": "d3c3f4a5-6b77-4e32-83ac-3fe3d4b9c233",
    "AdvisorId": "c3333333-3333-3333-3333-333333333333",
    "ScheduledDateTime": "2023-06-10T09:00:00",
    "Status": 1,
    "ConsultationType": 2,
    "CreatedAt": "2023-06-05T10:00:00"
  }
]
