[
  {
    "AdvisorId": "a1111111-1111-1111-1111-111111111111",
    "UserId": "b1a1d2f3-4e55-4f32-9b29-8df2d1eae711",
    "Specialization": 0,
    "CreatedAt": "2023-01-16T10:00:00",
    "IsDeleted": false
  },
  {
    "AdvisorId": "b2222222-2222-2222-2222-222222222222",
    "UserId": "c2b2e3f4-5a66-4a01-8c92-a7b2e8f3d9a1",
    "Specialization": 1,
    "CreatedAt": "2023-02-21T15:00:00",
    "IsDeleted": false
  },
  {
    "AdvisorId": "c3333333-3333-3333-3333-333333333333",
    "UserId": "d3c3f4a5-6b77-4e32-83ac-3fe3d4b9c233",
    "Specialization": 2,
    "CreatedAt": "2023-03-06T20:00:00",
    "IsDeleted": false
  },
  {
    "AdvisorId": "d4444444-4444-4444-4444-444444444444",
    "UserId": "e4d4a5b6-7c88-4f43-9adf-4ae4e5c6d344",
    "Specialization": 0,
    "CreatedAt": "2023-04-11T08:00:00",
    "IsDeleted": false
  }
]
